[{"total_time": 638.7693758010864, "mAP": 0.574131203565421, "frame_num": 200, "sample_num": 384, "finetune_iter": 14}, {"total_time": 846.657732963562, "mAP": 0.3880032681324619, "frame_num": 200, "sample_num": 379, "finetune_iter": 43}, {"total_time": 604.6456530094147, "mAP": 0.5685356067586447, "frame_num": 200, "sample_num": 374, "finetune_iter": 11}, {"total_time": 679.1117310523987, "mAP": 0.5493398695369038, "frame_num": 200, "sample_num": 369, "finetune_iter": 22}, {"total_time": 586.0032489299774, "mAP": 0.5753107582586927, "frame_num": 200, "sample_num": 364, "finetune_iter": 10}, {"total_time": 587.4244170188904, "mAP": 0.5866459868570805, "frame_num": 200, "sample_num": 359, "finetune_iter": 11}, {"total_time": 567.1962881088257, "mAP": 0.4751045254376615, "frame_num": 200, "sample_num": 354, "finetune_iter": 11}, {"total_time": 930.2821569442749, "mAP": 0.32121784782065743, "frame_num": 200, "sample_num": 349, "finetune_iter": 58}, {"total_time": 580.7759611606598, "mAP": 0.5746806985087383, "frame_num": 200, "sample_num": 344, "finetune_iter": 14}, {"total_time": 687.3479118347168, "mAP": 0.39596305425072914, "frame_num": 200, "sample_num": 339, "finetune_iter": 29}, {"total_time": 966.9892339706421, "mAP": 0.35842458121805115, "frame_num": 200, "sample_num": 334, "finetune_iter": 70}, {"total_time": 573.8825001716614, "mAP": 0.5939211795782942, "frame_num": 200, "sample_num": 329, "finetune_iter": 15}, {"total_time": 564.577644109726, "mAP": 0.34122892776694624, "frame_num": 200, "sample_num": 324, "finetune_iter": 15}, {"total_time": 525.2829070091248, "mAP": 0.6205999011557339, "frame_num": 200, "sample_num": 319, "finetune_iter": 12}, {"total_time": 561.7995870113373, "mAP": 0.5899815756875806, "frame_num": 200, "sample_num": 314, "finetune_iter": 18}, {"total_time": 772.8841309547424, "mAP": 0.3836183317424496, "frame_num": 200, "sample_num": 309, "finetune_iter": 49}, {"total_time": 681.5261609554291, "mAP": 0.4081090220741668, "frame_num": 200, "sample_num": 304, "finetune_iter": 36}, {"total_time": 630.1595208644867, "mAP": 0.4216438664117387, "frame_num": 200, "sample_num": 299, "finetune_iter": 29}, {"total_time": 789.8238289356232, "mAP": 0.35126848376940517, "frame_num": 200, "sample_num": 294, "finetune_iter": 53}, {"total_time": 623.3256509304047, "mAP": 0.29393803996943113, "frame_num": 200, "sample_num": 289, "finetune_iter": 30}, {"total_time": 504.8095610141754, "mAP": 0.548861077592631, "frame_num": 200, "sample_num": 284, "finetune_iter": 16}, {"total_time": 497.4296278953552, "mAP": 0.4982023925193795, "frame_num": 200, "sample_num": 279, "finetune_iter": 14}, {"total_time": 498.56528210639954, "mAP": 0.6027832493196607, "frame_num": 200, "sample_num": 274, "finetune_iter": 15}, {"total_time": 480.41879415512085, "mAP": 0.5777257093126272, "frame_num": 200, "sample_num": 269, "finetune_iter": 16}, {"total_time": 445.13605213165283, "mAP": 0.5820212848381082, "frame_num": 200, "sample_num": 264, "finetune_iter": 11}, {"total_time": 455.45597982406616, "mAP": 0.5883169405725039, "frame_num": 200, "sample_num": 259, "finetune_iter": 17}, {"total_time": 512.7337579727173, "mAP": 0.5862373599280492, "frame_num": 200, "sample_num": 254, "finetune_iter": 23}, {"total_time": 459.42125606536865, "mAP": 0.4034323997380976, "frame_num": 200, "sample_num": 249, "finetune_iter": 15}, {"total_time": 456.10505294799805, "mAP": 0.5791738232204527, "frame_num": 200, "sample_num": 244, "finetune_iter": 16}, {"total_time": 418.0043468475342, "mAP": 0.5897273601416153, "frame_num": 200, "sample_num": 239, "finetune_iter": 11}, {"total_time": 541.0977730751038, "mAP": 0.37922694851796473, "frame_num": 200, "sample_num": 234, "finetune_iter": 30}, {"total_time": 458.4389338493347, "mAP": 0.4475211929377251, "frame_num": 200, "sample_num": 229, "finetune_iter": 20}, {"total_time": 533.8048589229584, "mAP": 0.5273393603055377, "frame_num": 200, "sample_num": 224, "finetune_iter": 31}, {"total_time": 377.6949338912964, "mAP": 0.5732889485762811, "frame_num": 200, "sample_num": 219, "finetune_iter": 11}, {"total_time": 491.8092200756073, "mAP": 0.4646588222990438, "frame_num": 200, "sample_num": 214, "finetune_iter": 26}, {"total_time": 620.1092629432678, "mAP": 0.39592558963344127, "frame_num": 200, "sample_num": 209, "finetune_iter": 43}, {"total_time": 598.2440969944, "mAP": 0.556852035590548, "frame_num": 200, "sample_num": 204, "finetune_iter": 42}, {"total_time": 422.6658489704132, "mAP": 0.2919528240000296, "frame_num": 200, "sample_num": 199, "finetune_iter": 20}, {"total_time": 405.0382990837097, "mAP": 0.574504287340622, "frame_num": 200, "sample_num": 194, "finetune_iter": 18}, {"total_time": 350.8892250061035, "mAP": 0.5788748944109371, "frame_num": 200, "sample_num": 189, "finetune_iter": 12}, {"total_time": 354.29697704315186, "mAP": 0.5267324383945716, "frame_num": 200, "sample_num": 184, "finetune_iter": 14}, {"total_time": 372.5618531703949, "mAP": 0.6139588203328313, "frame_num": 200, "sample_num": 179, "finetune_iter": 17}, {"total_time": 803.0848097801208, "mAP": 0.40429602276632076, "frame_num": 200, "sample_num": 174, "finetune_iter": 77}, {"total_time": 405.2233989238739, "mAP": 0.5709432743940898, "frame_num": 200, "sample_num": 169, "finetune_iter": 23}, {"total_time": 686.6129930019379, "mAP": 0.3596283866356018, "frame_num": 200, "sample_num": 164, "finetune_iter": 62}, {"total_time": 458.1458559036255, "mAP": 0.3790981965776598, "frame_num": 200, "sample_num": 159, "finetune_iter": 33}, {"total_time": 325.7719519138336, "mAP": 0.570434565211945, "frame_num": 200, "sample_num": 154, "finetune_iter": 15}, {"total_time": 633.2597720623016, "mAP": 0.27667805986624405, "frame_num": 200, "sample_num": 149, "finetune_iter": 55}, {"total_time": 308.9714720249176, "mAP": 0.5500691658903731, "frame_num": 200, "sample_num": 144, "finetune_iter": 14}, {"total_time": 656.0118889808655, "mAP": 0.24184790734800518, "frame_num": 200, "sample_num": 139, "finetune_iter": 61}, {"total_time": 287.9507529735565, "mAP": 0.582389559934467, "frame_num": 200, "sample_num": 134, "finetune_iter": 14}, {"total_time": 399.9479959011078, "mAP": 0.38500829761537214, "frame_num": 200, "sample_num": 129, "finetune_iter": 29}, {"total_time": 297.77191710472107, "mAP": 0.3380175405942905, "frame_num": 200, "sample_num": 124, "finetune_iter": 16}, {"total_time": 590.8416860103607, "mAP": 0.3890397436582434, "frame_num": 200, "sample_num": 119, "finetune_iter": 58}, {"total_time": 683.7871840000153, "mAP": 0.39435848674470103, "frame_num": 200, "sample_num": 114, "finetune_iter": 70}, {"total_time": 289.948438167572, "mAP": 0.4889577584277318, "frame_num": 200, "sample_num": 109, "finetune_iter": 18}, {"total_time": 241.9216969013214, "mAP": 0.5981875796173687, "frame_num": 200, "sample_num": 104, "finetune_iter": 13}, {"total_time": 337.88661193847656, "mAP": 0.32972454137235674, "frame_num": 200, "sample_num": 99, "finetune_iter": 26}, {"total_time": 241.3267080783844, "mAP": 0.6039471241341028, "frame_num": 200, "sample_num": 94, "finetune_iter": 14}, {"total_time": 630.689019203186, "mAP": 0.3586209492962732, "frame_num": 200, "sample_num": 89, "finetune_iter": 69}, {"total_time": 471.1584851741791, "mAP": 0.4683414764238751, "frame_num": 200, "sample_num": 84, "finetune_iter": 46}, {"total_time": 350.9368450641632, "mAP": 0.24408184200626049, "frame_num": 200, "sample_num": 79, "finetune_iter": 31}, {"total_time": 346.82611417770386, "mAP": 0.26449967172975014, "frame_num": 200, "sample_num": 74, "finetune_iter": 32}, {"total_time": 179.3088390827179, "mAP": 0.614679256577467, "frame_num": 200, "sample_num": 69, "finetune_iter": 11}, {"total_time": 615.6316888332367, "mAP": 0.31362497910963777, "frame_num": 200, "sample_num": 64, "finetune_iter": 70}, {"total_time": 223.29050397872925, "mAP": 0.6060257374370367, "frame_num": 200, "sample_num": 59, "finetune_iter": 17}, {"total_time": 408.10784697532654, "mAP": 0.3737352847292042, "frame_num": 200, "sample_num": 54, "finetune_iter": 45}, {"total_time": 422.1259891986847, "mAP": 0.30315787962454194, "frame_num": 200, "sample_num": 49, "finetune_iter": 48}, {"total_time": 624.432245016098, "mAP": 0.3650679723519371, "frame_num": 200, "sample_num": 44, "finetune_iter": 75}, {"total_time": 436.37391901016235, "mAP": 0.19702818555559332, "frame_num": 200, "sample_num": 39, "finetune_iter": 52}, {"total_time": 789.6629490852356, "mAP": 0.399090062092931, "frame_num": 200, "sample_num": 34, "finetune_iter": 99}, {"total_time": 699.8816349506378, "mAP": 7.97841717210586e-05, "frame_num": 200, "sample_num": 29, "finetune_iter": 87}, {"total_time": 570.5485889911652, "mAP": 0.35901559888707096, "frame_num": 200, "sample_num": 24, "finetune_iter": 73}]